<?xml version="1.0" encoding="UTF-8"?>
<!DOCTYPE musicos [
 <!ELEMENT musicos (musico*)>
 <!ELEMENT musico ((nombre | apodo), fechaNacimiento)>
 <!ELEMENT nombre (#PCDATA)>
 <!ELEMENT apodo (#PCDATA)>
 <!ELEMENT fechaNacimiento (#PCDATA)>
]>
<musicos>
	<musico>
		<nombre>Antonio Vivaldi</nombre>
		<fechaNacimiento>4 de marzo de 1678</fechaNacimiento>
	</musico>
	<musico>
		<apodo>El viejo peluca</apodo>
		<fechaNacimiento>21 de marzo de 1685</fechaNacimiento>
	</musico>
</musicos>
